num_C,num_F,num_O,num_P,num_S,num_B,HOMO,LUMO,min_ESP,max_ESP,MPI,R,La,Lb,Lc,MW,TPSA,C,HBA,Binding energy
7,5,6,0,3,1,-14.856581464218435,-11.01393855279876,-2.2808805068964757,3.541591817778789,97.38074179042354,2.6699316585428443,3.818890089964799,2.9301582669799067,2.569133893142199,394.7547313978581,180.19094719957565,4.1326606447583725,11,1
20,3,4,0,3,0,-12.449051362511025,-9.71935985650198,-1.968893660869786,0.512204571634469,121.38410892594976,5.013277815821099,6.301116090559347,4.939848495393558,3.873877902285266,497.2667331928495,144.79617879797604,9.305728876933617,8,1
15,4,5,0,1,1,-12.356614349123035,-6.981319033196991,-1.7930123835208103,3.954273556900512,118.09631472387632,4.128734896407917,5.072373610072964,3.0563220945358642,3.161052856483979,416.5342509109491,102.28544264547926,8.057733341547605,8,1
11,4,6,0,2,0,-13.95971457298425,-10.158297220648715,-2.251027814450048,1.8287650410301113,102.28690039304885,3.688823377482679,4.641352987325474,3.299779640385738,2.445356176885896,391.4297041381382,139.93730645674515,5.867273033484552,10,1
8,7,2,1,1,1,-10.591109304533433,-5.225359552783605,-1.4083714696904577,0.2865401995370113,69.01525654830591,3.2682959847893915,4.090455321509066,2.8231520470866314,2.373631996879945,357.19796772833604,81.56023928566204,4.80524081729579,7,0
21,2,11,2,1,0,-13.873125926628257,-10.489345302718919,-2.108741406433173,0.24828520812607416,179.9887516203924,4.515224001358702,5.681590511276596,3.6750195158596246,3.8406109333901064,599.1558418422662,244.722844337546,11.20465243952795,15,1
7,6,9,0,1,1,-10.228043665376566,-7.724440485916849,-1.6070470465040723,3.0102083041791703,117.61755553164582,3.4320920996454936,3.9713717214866606,2.3911531189652444,2.4087723281660196,399.08154790209505,161.2852850013845,5.995097378244923,13,1
19,0,2,1,2,0,-5.272517099030666,-2.2162331075620183,-0.6403024293318059,2.670238583394355,102.86188793140516,4.700519635069894,6.134038883150741,4.4459515958333835,4.154607875389588,399.7700690792365,113.38938496986198,8.412378090566182,5,0
23,0,4,1,3,1,-9.16035301231842,-5.020465053628375,-1.4379643043115793,3.228309176697591,132.39097330959083,5.190346044567197,6.757698439796826,4.9097084202918655,3.8738401562183586,521.9719730078687,179.05040543437187,10.997047624973076,8,0
11,2,5,2,2,0,-10.220846280768741,-4.4157835584163365,-1.3434915770428508,0.5109333824159432,98.43198582777339,3.7125065887877837,4.934697390392027,3.8442803872921445,3.019305297268851,405.06068230454264,197.38695769064398,5.3419011943201555,10,1
11,2,8,0,0,0,-12.782329688771402,-9.924652019843386,-1.7214308631475368,0.23872638143863856,129.7867927913551,3.682148068334673,4.667771437125601,3.116413689989871,2.7049932528873932,318.8580795450243,133.11155868112598,7.953510458476806,9,0
24,7,11,2,2,1,-5.725655396479755,-0.23592118586427446,-1.1258090771157587,2.083459228845556,196.21224962453073,5.959007245296391,7.581255268653392,5.264395745010631,4.696749332473173,782.3916874247079,282.6142176739699,12.81061245810855,18,1
21,7,4,0,2,1,-6.110213194595163,-1.7656288578536454,-0.6946799387446896,1.6116214027828013,123.68642155210036,5.231561948831005,6.366207046437306,4.041606955022286,4.0434763948774135,576.3508129367447,107.40018521561684,9.938323969649641,9,1
4,2,0,1,2,0,-7.532363730298089,-2.1416410499984506,-1.4222617538450906,1.9015930530167275,41.913936270610456,2.94743325440729,3.8508714337285905,3.157845747208438,2.4611393841623794,188.82090511416885,81.39590014430146,2.3222437444732504,4,0
8,3,3,1,2,1,-7.564731523765145,-4.020421015300171,-0.9003936231882697,3.9671947945940684,73.37340536996426,2.9185467873716884,3.6985410255933986,2.609843144242552,2.479587651293046,325.7267290137532,127.25714969287398,3.7976689662523917,7,1
24,7,4,1,3,0,-12.920122652279217,-7.480307575925565,-1.5323469593958345,3.8859248349156137,137.78812129661947,5.6425583165622495,6.961116572574964,5.0895581512885055,4.173376696414397,665.0821821126087,168.42850169211437,11.21286318147359,11,1
3,5,11,1,0,0,-7.3834025964583745,-2.1785228663995593,-0.9325435018149298,3.775030019725452,114.31340460334305,2.1155756878025334,2.8174185480813345,2.1995646024902378,1.6428190369328812,347.13254324836004,193.42351179029606,4.114265177389254,14,1
22,7,9,2,3,0,-11.780627728610646,-8.475439838000629,-2.1984902882315316,3.1569864393939278,166.5125067079743,5.329302756668084,6.8423182530533255,5.227354924327921,3.6658427000130023,746.2752667444479,259.05671506718545,12.19848079022892,17,1
21,0,9,0,3,1,-10.184149276590121,-7.224476334157298,-1.3149092476113144,1.4838813050018727,162.05748246036413,5.115713613319435,6.40676378378428,4.235314808468759,4.003671004061709,546.7173012800913,241.93566469528292,10.719909634385633,12,1
2,7,4,0,2,0,-11.092885349063106,-5.554695220200081,-1.2147070091722636,1.7073106280248092,59.43036432496837,2.252810772439729,2.9036899815753414,2.241858967206892,1.7852600120052442,284.4888039549184,131.95220671521716,2.0192534912478797,9,1
24,3,6,2,1,0,-14.138230076550402,-8.26690178950994,-2.1813408396821656,2.2435025705038054,155.19391539724106,5.5554417342915094,6.737958765477675,4.70906852394166,4.025796574895971,586.7414466504988,174.78202261901757,11.553060350505982,10,1
12,2,3,0,1,1,-9.15038726781378,-6.540829169697473,-1.379498754178045,3.3390843799788756,87.83616149711106,4.020916841055379,5.274782738762095,4.324051037035655,3.117165291893671,295.3376577149417,74.37890670079815,6.092149884861309,5,0
6,0,0,1,3,1,-13.36548083623911,-8.30603560183121,-2.242519469821153,0.3679800468212443,48.94022078034791,2.417792102899226,2.842477491017052,1.7394249900131311,1.6962666042742838,227.87883608701588,127.28839295072554,3.384238154213273,4,0
2,7,4,0,3,1,-9.353414684832904,-3.6700788965155393,-1.3405963189610017,1.7547578549510636,54.561209973943825,2.030063641164748,2.3964944218401,2.0289739996172313,1.3788376202295805,340.8603071197484,156.89404936780267,1.7740155051927553,10,1
21,3,6,1,2,1,-8.569520830454369,-3.068760508130624,-1.0315926880595296,0.4222088874911478,142.0743452176944,5.137828451976448,6.434748694056667,4.609426619608185,3.728840756793174,545.9722136929149,186.0663778421809,10.769367387136803,10,0
1,5,9,2,3,0,-15.524212539102036,-9.648390886156307,-2.1890844552354145,2.1071645876366953,89.08530335350852,1.796401073158625,2.468404598291973,1.8172400470661874,1.540939979156226,419.86903913713553,274.4094791774016,4.085129224317068,16,1
12,7,9,0,2,0,-6.620265587808077,-1.4599363132747367,-0.36464644271365165,3.605713213624318,129.3906451419837,3.813834231860313,4.990082516468523,3.509263979342213,3.115089289614352,508.9447110406648,212.89313085864168,7.582866680432459,14,1
22,3,5,2,1,0,-5.538875046642491,-1.4908293783093045,-0.8242258484032141,3.151691205799358,143.32289188669233,5.284744243627677,6.604965380153571,5.027475512958535,3.770337249495597,540.3452538890776,166.66887875689855,10.024933624939855,9,1
12,5,4,0,1,0,-13.366338143658004,-9.774506176925048,-2.3310853950317534,0.9885854284181288,91.68417566764268,3.3788730064842247,4.378193930556043,3.1438912617114108,2.526732466036778,356.43806273743803,95.09536295435932,5.134983130282355,7,1
17,2,3,1,0,1,-5.284871611572053,-1.662272020038607,-0.7585365474221641,3.9063643134352906,99.48318101969865,4.114050456123716,4.804751380288867,2.9060013647659133,2.831695390357103,368.9423386453314,82.55972920431155,8.641637883705533,5,0
10,7,1,2,1,0,-14.126408393084837,-9.090929038935428,-2.6022516120052237,2.702666552381071,52.35011562208526,2.7128635293352206,3.247215413643115,2.6389018601638536,1.9495325750300652,385.334074415887,90.80838058166027,4.177777835037818,7,1
16,5,3,0,3,0,-9.527724058108301,-4.417294515999926,-1.5357793936891477,0.14066802764987196,95.93322676105541,4.033798985095427,4.902458643476563,3.7425816000731102,2.909428818689496,470.38461412646427,123.32499640652973,6.799320750384725,8,1
15,0,9,1,1,1,-15.02840728885701,-11.827150286436517,-1.9293846816085092,1.096112590272356,143.4735986290251,4.25429697746318,5.5683138037809385,4.073960967910511,3.5059185821826615,426.29303361684873,193.21550513047475,8.020834957895119,11,1
15,2,9,2,2,0,-12.797627902901915,-7.259198055685057,-1.854617455708933,1.1167818696876746,137.71298520106893,4.296856346882263,5.502001266184431,3.5128587974048373,2.888109005784706,528.3040120096896,244.4290955418653,8.19839290480498,14,1
19,0,2,2,1,0,-11.519653670591513,-6.517419529883647,-1.692064688022473,0.37009179451485374,101.18608305508765,4.910569867888535,6.175142890041588,4.030665414962716,3.3363264344399237,397.32357043154445,108.02282657722371,8.659852646613583,5,0
12,4,9,0,0,0,-15.417028166164306,-10.947402163962465,-1.9483981495815743,3.843323420496123,140.35315530329112,3.5666243561997857,4.514627458015608,2.597006355040093,2.757168824622759,390.45484488387706,147.16312039349404,8.02893426383737,11,1
23,1,0,0,1,0,-9.061467790098625,-4.911104179739831,-1.4133401468474678,1.9651956488461026,96.96347329835834,5.444508954793553,7.119304048697965,5.12161179604252,4.120910967261832,374.09607818052257,31.671392132106305,9.52606093572777,1,0
20,7,7,0,2,0,-15.47199977020578,-11.070684949940926,-2.068435882944045,3.5936769297503397,141.28308475315032,5.119173382772436,6.364930795164235,4.050586902162653,4.040019053541994,589.4671527643308,167.63569073535484,10.166168913676682,12,1
3,5,4,1,2,0,-6.05251469034388,-2.9951546063664547,-0.8820158085183138,1.3566404634340505,56.88049266567454,2.0695893351496544,2.32417320723026,1.1112959772025328,1.6869541624852937,296.7932811279675,141.72947441245904,1.7772397052493325,9,1
5,1,3,0,3,1,-10.063181832222746,-6.850227459755786,-1.4334677821416064,0.5884109246880258,55.791179537421,2.786998722317162,3.7011874397755133,2.973327943632872,2.2791492579710355,246.84200978467737,143.81123139279526,2.535029527048976,6,0
19,1,7,2,1,1,-7.603979057510241,-4.78490334108857,-1.3840578297991386,1.9499108286342342,145.17788723444215,5.046944363550527,6.345048261879171,4.671987652654273,3.5390352280589576,502.95500019653133,192.0187578130792,9.146690294659363,10,1
7,5,6,2,2,0,-10.708191957444225,-7.67038882388033,-1.7026381525822771,0.5444308753858369,92.74334368441525,2.9027683610531354,3.8191947869495757,2.5734848514154245,2.5551652512265104,413.79735271746256,208.73659676894295,4.886410502763132,12,1
21,2,1,0,0,0,-6.363159595753223,-2.2752318746347333,-1.233977585931758,1.9954604616124059,106.28428439637787,5.468670299104881,6.826884912403799,4.7386054637055,4.145856612979862,350.8722964741835,10.027360333638214,8.16834376056915,2,0
9,7,0,0,3,1,-14.1775910935655,-9.821350715516603,-2.145687679679894,3.6891590067556903,61.599189458271276,3.2097696968525087,3.844474216324857,1.9689286893322173,1.934950536663135,363.8185594063731,103.04088460046995,3.242876944473204,6,1
7,4,11,2,0,0,-14.233690267117408,-11.671173643443291,-2.0569730712843577,2.13099575315343,123.34804434045427,2.791981743463077,3.570541523545442,2.7744025421995753,1.7926950021109693,415.61233450500873,233.38768423766373,6.008256378500746,15,1
18,0,10,1,1,0,-15.485217596320009,-10.196425198795913,-2.544790260466292,2.5043489348908254,164.90039354220886,4.867052353565875,6.08585045610563,4.052275879927336,4.030746971090539,475.8846648225963,213.42038397324706,9.365099923451826,12,1
4,3,3,0,1,0,-6.2787296201572165,-2.7491417134550438,-0.5319736584866177,0.7108899041978524,52.406903327832204,3.209988130839937,4.049473620124804,2.933718793027305,2.7674681503901897,198.48365454615922,66.90711712755709,2.523385715420423,5,0
14,0,7,0,1,1,-11.668324335407394,-5.976898213047706,-1.6946274464927171,0.270568940931881,128.94449649016727,4.125606085666343,5.4803217059064115,3.0896565155970426,2.658907238019786,357.9453710534774,126.97797715763798,7.6464235594822325,8,1
18,3,11,2,3,0,-9.95372905005425,-4.067439627406028,-1.4815002403910935,0.5321510525012475,169.64043999463283,4.890472341234116,5.893349931065704,4.4186153613944565,3.1965622348249534,649.9434028017237,301.2462304440691,11.092104572980846,17,1
9,0,1,0,2,1,-8.460412918508682,-5.3113068571403925,-1.1151303875071774,2.4342731451690263,59.63661380432087,3.1973848336706463,4.053914774183505,2.611886911112736,2.7175627384155168,220.59052528026314,69.3562278598148,3.4900672274831237,3,0
21,5,2,1,3,0,-8.542711853043517,-4.425371335363705,-1.4471923941297118,0.4705456260699882,103.08411286035096,4.777515134061192,5.808094579544754,3.6528535265445212,3.48023360062859,552.1741561038342,144.28907374312735,8.350402240843833,8,1
2,4,11,2,0,1,-9.247125831977652,-6.7428144088951605,-1.3543733789631571,1.5663722707711145,112.86786487443416,2.34987969377022,2.4192404225887634,1.591587805465624,1.6270065749262812,353.38624486940785,221.32442466367849,3.9129701752043573,15,1
20,7,0,0,3,1,-12.60664382142296,-8.012498393494464,-2.0343698172849622,2.2453585677868086,90.4483112555413,5.097319991536374,6.361856951616022,4.274381300750569,3.8016259844450886,525.3881984424168,92.89952440749849,7.4509543532819915,6,1
15,3,0,2,0,0,-11.380289670083778,-6.754717101164429,-1.3953074684947702,1.6157459146564035,79.28039073403355,4.142626672885651,5.184487928507025,3.9514218338278773,3.2743158796220158,334.9525068033086,52.02289056386289,6.019577295906562,3,0
7,7,2,0,3,1,-9.786337396753009,-6.4199475521411955,-1.6796784793923676,0.7383668257146757,56.52719736295723,3.2393169554064514,4.173850614848216,2.7955768936852627,2.505768755575288,364.16335423237734,117.58797250199855,2.4700325690866975,8,1
12,7,10,0,2,0,-5.373234219250654,-0.9187898652094608,-0.7933520410261634,1.1677860993050155,139.24654214234843,3.603775997055704,4.461211846602842,3.5316334006059993,2.5673250437724633,528.8917359780363,209.2615407283545,7.49732729831136,15,1
8,7,4,0,0,1,-5.394301456908006,-2.104910958354932,-0.7432820615058457,3.72043837810945,84.7214482109114,2.9293741202444776,3.3639175792808027,2.453785090233284,2.2830365050471837,328.8406490385443,67.96575507529002,3.9358141650888907,7,0
15,6,11,1,1,0,-4.52690299219645,-1.464013850422785,-0.6000702999479273,2.736330874786786,156.20329858150345,4.568192879145849,5.545754783481339,4.150338714600649,3.377966524095215,563.2185485269761,199.88041972500184,9.583878538543035,16,1
3,2,2,1,1,0,-15.628542964381495,-10.84822483057357,-2.4605284792737905,2.0345865708515576,52.21192571987063,2.7696042879624896,3.725397127290453,2.607128053134951,2.3983354554351632,174.12726511933062,84.88609591521268,1.3947176451873178,5,1
14,0,0,2,3,1,-4.560418913421427,-0.9196797895891646,-0.8631647174422336,0.1495880709488847,68.95456712636872,3.909697068249296,4.7197957494534934,3.6854747193194104,2.8712394309122877,364.9006826945684,142.87987594927324,4.731952120700751,5,1
17,7,0,0,1,0,-5.685578079158066,-1.119654293058388,-0.9661957464829297,3.970420061908934,81.01561480795921,5.065655147121446,6.648714039840309,4.308012630803414,3.867639200516732,397.4756200358544,37.83583068547293,6.699089951532726,4,0
4,0,7,0,0,0,-8.117860403308224,-4.10149678190743,-1.112013973654177,2.7186742460891087,91.83761151254686,2.5138679922409253,3.3523318488154334,2.3807196314191015,2.4134964371285577,170.62991977224456,94.89954060716175,3.8599430701372546,7,1
18,7,9,1,1,1,-13.785447895892753,-7.840217969982589,-2.0965863385663055,1.3359976616452853,151.91889723296697,4.725434859393187,5.843237453374269,3.9713354685325633,3.5946845357139776,605.1498272004862,179.3709031754688,9.764397403369637,14,1
8,3,10,0,2,0,-15.564136036287353,-12.540603786950873,-2.1753786437525986,3.529147773991569,129.94943409736197,3.1746042374454717,3.8224394641862998,3.0946961687826033,2.2047015174187417,395.9851341643865,215.83954994878133,5.894338610390446,13,1
4,2,11,1,2,0,-13.585155926106346,-9.45906083788101,-1.9423726450369374,1.1078833191380906,118.13815107842849,2.757128065233704,3.6559926753682457,3.0089051941555995,2.5131779728006265,369.079883106089,230.95547759743084,4.564218949707869,15,1
2,2,11,0,3,1,-12.441442673124866,-7.559844480867228,-2.3215989405886512,2.221664658812731,112.4894849795056,2.3814264481402825,2.928600811156629,2.0501469455807757,1.4269545432242379,347.0100329890926,268.3218911076078,4.156474016221017,15,1
6,5,1,2,0,1,-10.494957675256048,-6.610549881676158,-1.524744091920965,2.580675978546318,51.793454830166375,2.977388648474497,3.4126057826531295,2.001370717528449,2.606634382290874,271.3659959951102,67.2659199149281,2.255275625380226,5,1
22,6,2,0,2,0,-5.497109936415112,0.41433954513230287,-0.3744755368990127,0.9621471486695409,114.46696977820952,4.994131510484034,6.355127712229694,4.576718593598286,3.7682891879219595,522.2159932995786,105.58721212843437,9.235758514294734,7,0
10,5,1,0,2,0,-15.518964119545199,-10.492357421800927,-2.0627908077241135,3.915749387322324,62.62517524580476,2.993431304963095,3.8252418207755063,2.178286354032724,1.9781415406194596,314.55804134591483,64.12927623430487,4.675223285443686,5,0
4,5,2,1,0,1,-13.221512760375337,-8.422069258899612,-1.8988242819149066,3.0179484333180904,43.706341753684946,2.942648008475859,3.905851251137779,3.2219387154313783,2.8199960877970587,229.10058999125985,50.636405312817594,1.5493384605471774,5,1
22,5,6,0,1,1,-11.84791793134401,-6.698210494704729,-1.9890661157955902,2.2754715794931726,139.95420855325185,5.136366200318077,6.490376750269655,4.401312703997947,3.778434146893595,544.4035331319337,95.92131673073115,10.578166490129865,9,1
18,5,0,0,1,0,-13.228912223696772,-7.394641990561263,-1.8888260903293865,0.8043189328836734,84.38354521952492,4.685289987969956,5.746783089553301,4.013577113662063,3.5088809961958876,377.8440511527831,22.043102370047237,6.305505293601498,3,0
12,5,9,1,3,1,-12.827188286641094,-7.149823001194854,-1.7761282550205122,0.3100470072923019,137.66070281742557,3.898039672966934,5.126485359129094,3.38425442864834,3.255313900837322,548.4139434824184,248.1615311927812,7.6139648350049765,15,1
2,4,7,2,1,0,-11.828163167579099,-6.793164589136657,-1.8249738113023815,1.3482333468318355,77.45177247739622,2.78870288100478,3.759276687791744,2.360959205443974,2.5516091445900826,310.5464462832339,165.37292419991564,2.41059539460047,12,1
10,2,9,2,0,0,-15.776633202069863,-10.654567465215372,-2.3031465685495918,3.037430610062271,122.80087376273916,3.5484073773927522,4.482150414537982,3.3586926851407024,2.76423388965318,389.48532637007196,181.053731878016,7.209795906515397,12,1
4,5,9,1,2,0,-14.888683845314286,-11.877956586191278,-1.931370085117935,1.150392063377898,106.6709258708886,2.4815607311227708,3.114015296810058,2.1322257046516437,1.7065803260035255,390.8041680996548,200.12659823139757,3.5615263451773256,14,1
14,7,9,1,1,0,-11.93664656984738,-9.07687315412305,-1.961951869425452,2.20426925993247,141.56393931314545,3.9429366856139425,4.664016652396407,3.2775564183544375,2.8531581222713425,531.5511720911747,187.42539815088574,8.521039518400505,14,1
16,2,1,1,3,0,-12.471514931754633,-7.973349175300058,-2.08238716075502,2.9389939892498984,75.8802139561948,4.388792947627419,5.364485916064978,3.4539728174798325,3.113862663306056,408.33493492763824,141.47111927108236,7.310565539263247,6,1
15,2,2,1,1,1,-5.093351776575165,-2.529065047283275,-0.6254629012874322,0.5209804871212109,89.30781506719994,3.977190569107816,5.123642139776641,3.843367264892761,3.136438202957115,357.14701623915715,84.65020249885877,6.084655299289765,5,0
8,1,8,1,0,1,-12.20405084232545,-8.01580350689488,-1.7390990991092015,2.772662262851906,109.00816094884891,3.208662716944703,3.899372336108338,3.0168975558168967,2.7466607881042173,297.5943144360117,161.58207372611804,5.16905753550253,9,1
14,4,6,2,3,1,-5.007902533666152,-1.7716790039501116,-0.5454177209673604,0.4582964620691743,125.2052331486448,4.0843940934625955,4.81412504294958,3.3072089840008325,3.077456323680696,542.7526805771765,237.8629256339461,6.927902177811702,13,1
23,5,3,2,1,1,-11.265033205154207,-7.553975218397269,-1.5757962183923773,3.8640059942952867,125.74599271367828,5.942458084593245,8.127248163661577,6.06945035456267,4.92801050772153,575.4911041806774,138.4814784860697,9.85706865579785,8,1
8,0,9,1,3,0,-15.992565245007102,-10.777248669731755,-2.5124357993859037,2.0047371072532645,122.10736724937951,3.174919658422724,3.675968381343067,2.54194062067279,2.390203736957425,380.65009903762547,242.35054759121715,6.158710899594733,13,1
21,3,4,0,0,0,-10.891775686527566,-5.097444421714213,-1.5473278226860538,0.6876368200685218,127.73679651095306,4.572653551685345,6.167167218893505,4.550943702112099,3.9028204943133993,413.7018684947004,52.10858371607398,9.316247533056437,5,0
16,6,1,1,2,0,-9.941916357935334,-7.1884594054231385,-1.7197127623495347,1.4352961805308313,77.93036309673718,5.202053291118943,6.441081924979027,4.021879073236289,3.595180629245235,450.2899619348524,103.45613416385369,6.139520887396822,7,0
13,7,10,0,0,0,-8.097830849814256,-3.7279831288966987,-1.2647383698187373,1.7123241522515198,155.21938446554302,4.237050119346829,5.279400049354775,3.8016092944942663,3.1780707074167895,473.20573934481183,134.22297908367142,7.190623146708354,13,1
18,0,7,1,0,1,-5.886009656044341,-0.2971424556757407,-0.7823416022133703,3.0569215431984955,130.88544376274413,5.3247046232286745,6.5214251245983235,4.483553146936746,4.553486989592123,411.2019859245584,134.7114374976209,10.100973753256199,8,1
15,4,3,1,0,0,-12.906772221770238,-10.117992351228764,-2.0081186766103136,2.9993527656987764,100.4785157084987,3.9028040039046545,5.035072437828396,3.5712074342663755,3.3242487089550043,367.74485974663605,66.76080183453071,7.740247815207324,6,0
21,3,8,2,0,0,-6.71488881953475,-1.3290896553958316,-0.5136228864842469,2.486567970815591,160.59331968740324,5.083451965623113,6.066360114406875,4.27965680178156,3.5139571788538246,537.5322142705588,183.29996837546656,11.080118519744229,11,1
24,4,4,0,2,1,-5.82574324434377,-2.0734385160948205,-1.252298336416299,0.5131297789781225,133.6149881004352,5.802320372448295,6.884834658313535,4.857094207472569,3.9800988209587156,548.8876454357536,126.79512254079411,10.394808152787508,8,0
13,7,8,0,2,1,-9.350270586900894,-5.722939129133221,-1.5120386594348962,0.6911205491919269,132.83225158356694,4.110917411685338,5.460681070482394,4.007186968146442,3.117277211495536,525.938595885832,190.96706430340126,7.973851057565823,13,1
9,2,3,2,3,1,-13.64643113652962,-7.725298784427869,-2.2345206372534245,0.4656519905176708,73.91213400588131,3.4420813122078653,4.141807160498437,2.729712922867112,2.701664283864576,390.6778118895771,177.45793918604952,4.974353458746533,9,1
15,3,9,2,1,1,-13.068242303382535,-9.865235488864505,-2.100306106998971,2.3509738548214454,141.1226927757211,3.590116784449834,4.636863604470229,3.4165283009898535,3.184028392961192,520.6936448802626,225.48210268761727,8.572875934293632,13,1
13,2,4,2,2,0,-5.1311500684344615,-0.20497127555507788,-0.8982721549613449,3.5208399218944755,99.84779584676464,3.436268162730706,4.0782439880341395,3.2245282565592692,2.5924881539404985,410.9436237242484,184.44712494364282,6.420684271999446,9,1
1,7,8,2,2,0,-9.734152377915795,-4.3591098298812625,-1.7254069940591679,1.79182199779361,82.46719504456048,2.6052560327191614,3.3982542494778682,1.9557356731404107,2.078243137153925,400.8001854379671,229.6128617661966,3.4158841147447463,15,1
7,0,7,0,1,1,-10.507997624818444,-7.8638553913409925,-1.4256592140082411,0.7273078784352102,99.37872420621215,3.558598859860907,4.784957874581824,3.115308482738479,2.7599358853409015,257.748497091555,127.60649380633512,4.0797693214717965,8,1
9,7,2,0,2,0,-11.912286482196954,-7.065937377956511,-1.8962620318069634,2.2763650680809713,64.5291162563502,3.318004612569081,4.042081488628328,2.607896414389473,2.507592179572878,357.37960267129745,82.78212798765591,4.6992114115610875,7,0
24,0,0,1,0,0,-11.976924530097124,-6.146499619853479,-1.7638240123968376,3.2658336457762687,102.32010245213527,6.017128242321914,7.134722081545196,4.66669171724635,4.075802818903065,360.94964276292814,37.39012992015965,9.445423094321745,1,0
1,3,2,1,0,0,-8.694018368759018,-5.75924848521081,-1.3910679076959016,2.992677039900427,41.663642995650925,1.8430316701570106,2.6415483703582443,1.7066745283596532,1.100987635412137,141.15933991267414,81.84345742423311,0.44371084899447477,4,0
12,3,3,2,1,1,-10.94778773104041,-5.311013171642776,-1.7803442421133036,3.5376580407325835,83.02816813826897,3.5616721839593954,4.637339094254223,3.556072920597908,3.1916098790806458,386.72901633681437,115.18354929824778,5.184846763352832,7,1
8,5,1,2,3,0,-10.032211664206994,-5.4504934333877175,-1.170375902413679,1.1838181792705846,55.03838043463818,2.8693159034410556,3.491930632547058,2.8786275201366687,1.8437052119377073,386.68626266471597,144.4147994995744,3.067638932740456,8,0
24,4,0,2,3,1,-14.677481100017733,-10.019365063499073,-2.0170357285607783,0.8564200823443219,101.4842737404921,5.3450241362934054,6.6376897597130275,4.67823532272307,3.9014057624104863,577.5419440268589,149.21414180674478,8.9949646399494,7,1
11,5,6,1,1,0,-10.598049025301352,-5.952744413271731,-1.9633474337862316,3.531284295173561,113.71998332787273,3.8668088028567857,4.6113805643210455,3.1306955917702712,2.9309177012499497,406.8158677513833,137.46086470633355,7.085694487194508,10,1
19,4,7,1,1,0,-9.57186986010386,-6.025944257923261,-1.8306079686827563,2.66448521983429,144.21306199106945,4.591294288080967,6.0231692465896005,4.4570956633369185,3.9725182652902733,509.71140069321143,170.1835538422827,9.945601469250501,11,1
17,5,6,1,0,0,-9.151582671341284,-3.378376317793175,-1.1642156335738951,1.3126228270294613,128.6003481648336,5.221922911978359,6.42046051841082,3.78513181461192,3.916558974151147,469.9802424569778,119.65346173526646,9.132241376804286,9,1
8,2,4,1,3,1,-11.082919233484855,-5.267192614276219,-1.7664085633324789,2.995157397232786,83.41709252311712,3.3380211819042316,3.888784769870795,2.405595797278609,2.0348431150072694,352.2163071837049,174.76022697502037,4.68118414580834,9,1
3,3,11,1,2,0,-13.745735263110323,-9.057168952361504,-2.3916767562533927,3.278961699473435,115.52932711612557,2.775358113948527,3.511926818738153,1.7618596511067324,2.031819478820004,383.6664466082489,254.41271534521687,4.530613804235086,15,1
3,0,0,1,0,1,-10.691617139379057,-5.449637598583405,-1.3945955443987903,2.4984151373304164,34.7962861249992,2.596982174840022,3.0742250462343197,1.832247617157391,1.6749136764843218,95.7761501545389,28.80198369153394,1.2373776616828163,1,0
1,4,6,1,1,1,-12.109034513426227,-7.466131562842174,-1.782530366994116,2.782748028531669,73.23088872916371,2.5142808951377837,2.936848203749608,1.8256884845541257,1.7525561653819346,257.4828679181553,143.20393502213824,2.001243680545069,10,1
5,7,6,2,3,1,-12.985341319425038,-8.789946752915895,-1.8974869809472916,1.5635136273263988,77.69554548622968,2.4896000001384357,3.025980159420656,2.5614906749757624,2.1235842134698024,466.4586613029849,212.43638968361506,3.6421088117799147,14,1
10,4,8,2,2,0,-10.481933263605416,-5.669062849558038,-1.4103821351396308,2.2009131026378523,111.85984583449617,3.934080061459867,4.934871139924908,2.6260912081006387,2.326575534937474,474.3309517117356,231.78650728589034,5.695948313093554,14,1
7,0,2,2,2,0,-9.40839615153094,-4.972891067459086,-1.6732548543861199,2.1442207658320327,57.63851473607967,3.092281665677431,3.5891301309138393,2.3873803115693875,2.050630621041431,249.22728948066865,155.73060366064163,3.940913075520132,6,0
9,5,8,2,0,0,-14.581651845418168,-9.990486326206412,-2.513547941089558,3.4073863854100104,108.89496752067414,3.7127798332906212,4.918004576655741,3.62847314531245,2.8297903368966897,410.8087044131072,153.91231336795477,5.093383356998477,12,1
7,4,0,1,3,0,-9.30131996632076,-4.0579060293547435,-1.0790071359674736,3.375859523100512,43.30860769650209,2.6181307839871444,3.408095422397088,2.5088859946586894,1.7306669172143425,300.3092049939664,105.34214979861055,2.2706947047354005,6,0
9,6,0,0,3,1,-9.812342781619257,-5.62917937154781,-1.759284769391347,3.3474538304534684,46.43131004292068,3.4041749619825086,4.182146104323589,3.3660237130869803,2.6556603485315575,358.2558297097335,94.26826974766011,4.606017065480305,6,0
8,2,3,1,1,1,-15.888925103430436,-13.24628573210678,-2.6277863249296782,0.1430232956236166,71.5113847346454,3.2435716150344995,3.873795821533725,2.759972518652584,1.9705335249512228,274.80508942752226,100.38591862732281,4.168086441532413,6,1
12,3,8,0,3,1,-4.502731521122673,-1.4287333376594322,-0.8798968040775542,3.0232273894286643,133.05854687965729,3.6142290605061675,4.499941235049376,3.262242318678907,2.3749911712055445,460.576165112314,214.11182159584288,7.2888552225151,12,1
2,0,5,2,3,0,-6.6329384601323085,-2.5978132024189247,-0.5789515842817416,3.058837921432919,66.75311548221907,2.393935648924179,3.1723065693063686,1.6690625489736928,2.1161512450889743,264.8425763365735,208.00681792172338,2.618669273883864,10,1
1,3,10,1,0,1,-8.915584734076846,-3.878691774517643,-1.2386610500292223,2.745677409135053,101.98517772549036,2.6118820544004544,3.4137693734405037,2.09315790395531,2.4234044663049694,279.470247986624,186.62458286592306,2.6298312534393022,12,1
16,6,2,2,3,0,-15.224783958390407,-10.648308689304782,-2.0906359988714853,3.049432165776665,93.94121323892672,4.191154292311064,5.4506437254790665,3.2806391848009393,3.25136204313445,527.516445880348,170.4690056569021,6.303103316764989,10,1
23,4,0,1,2,1,-5.305341616095917,-0.5293119655388283,-0.7565677332986418,3.383684448837164,97.01790103538698,5.738556306861481,7.077119885380787,5.125766352140781,3.941922901481156,505.74858512818753,91.96985522343057,8.977552826725578,5,0
23,4,3,2,0,0,-4.609082486727728,-0.4316062367107225,-0.811739815249406,1.934244310996964,128.71707154698,5.111773083156047,5.8047313181057225,4.167919058201179,3.306450267918871,506.8043823876402,98.20277410971096,9.648319521226156,7,1
24,7,11,0,0,0,-5.105864113738129,-0.4507670369402792,-0.6396213604086857,2.0579958326049437,194.47606476562055,6.232833378392737,8.04060396257417,5.722484163986974,5.0763628643557634,639.412314339923,166.75494967960992,12.862522017495301,14,1
5,6,8,0,1,1,-5.518249222056609,-1.866688189705291,-1.139060577467852,0.5863848219544229,101.69432781024283,2.9853800955310126,3.6982858907992955,2.3243700410220844,2.2480810946454257,352.01982436148666,156.2683365702813,4.642774647651068,12,1
3,0,2,0,3,1,-4.932362891872,-0.7867238174336721,-0.9589111242000989,1.602965943884711,47.27157915816793,2.967535199677572,3.8426522126912976,2.3979716150889088,2.280331633394298,180.49014146317654,121.8648795396695,2.494581523935298,5,0
12,7,11,1,1,1,-10.017485258849804,-4.91250852926746,-1.3560277529751743,2.609124201655959,160.20872955281425,4.00161815572813,5.335868445588223,3.797941991600681,3.27978349483122,551.6837258486819,208.09800971904488,8.505544169894797,16,1
8,2,8,0,2,1,-11.178707883114269,-5.627293156708345,-1.9482572286324964,3.143559126974371,116.71156105133934,3.3171839533188088,4.633361668296048,3.042537351975893,2.7706020150962685,353.9028803703825,190.87356825715963,5.102861644155523,11,1
22,7,6,1,0,0,-7.6244001672935475,-3.6066064984461867,-1.1814763189264068,0.9471154809957211,155.99763315580668,5.537879882145775,6.792385557054055,4.448548520788167,4.461859408647237,569.5554014974061,123.18127286248183,10.412517961026104,10,1
3,1,11,0,0,1,-9.08030491571981,-6.427489113744045,-1.3907482062290537,0.637509306721018,121.16015096646225,2.409065760993749,3.0381241826753147,1.9741701164952998,1.6355886934317885,247.55656184924496,143.9314960864219,4.176527414375193,11,1
1,0,3,0,0,1,-5.5545423537814465,-2.488688449267637,-0.9389137537346494,2.68586381755192,40.14154278664656,1.6646498283325033,2.3541795775367182,1.4497030934651103,1.1965179673132273,81.74563174084203,38.45799715124323,0.7917195604938251,3,0
3,1,2,1,2,1,-8.368260334026854,-5.79524634650647,-1.6454627450737995,0.10733154574715151,45.1891314856808,2.5842198039400377,3.061418951220448,1.8829763734657774,1.4909879912151047,205.73992059928491,125.42360462492807,1.177912443661084,5,0
5,6,9,1,2,0,-10.508970703797015,-5.72255013646636,-1.7021313838072907,0.7956530787985863,100.99897562725967,2.5233489996200738,3.0377639307670066,1.7587044065096238,1.6876614495287812,424.3244536640458,201.73071453522167,5.53215619386227,15,1
15,5,4,0,1,0,-12.921125782623418,-9.258024593880538,-2.1031625427800096,0.21337838334141956,107.1415151733346,3.9195014253861795,4.781769066040949,3.4818452767303363,2.5960675709580308,404.271291398705,99.43566881900745,7.2053211216163255,7,1
14,1,4,1,1,1,-4.538483163494261,-0.13980793847647455,-0.6484845018665994,0.7508519596339965,104.72702098672701,4.290887950531583,5.357991875482875,4.217409144681129,3.269314002452906,353.1395587927352,113.5877746434575,6.687884896697627,6,1
3,2,2,0,1,0,-9.874073815183005,-5.647604851439706,-1.459012964537557,0.8071451917094703,42.070420020203606,2.366267457530092,2.9138095858546214,2.0279654499126387,1.7535225928940585,131.78257353974112,73.40282570333991,2.042128783297151,4,0
1,7,11,1,3,1,-7.915533079231146,-5.130190365797652,-1.111737669897297,1.6119270195265374,108.22181810176573,2.4583113219817068,2.9541300880258685,2.1346213027090863,1.5027091777985269,463.1024650646301,279.98853210924534,3.9668730518707864,18,1
5,5,8,2,0,0,-14.307450949456866,-10.396036185523455,-2.2813148970134094,1.6690757862775683,102.24375448117608,2.513317769372279,2.948495728594097,2.224860365796379,1.9163822769134513,358.5280718062561,162.77932007004372,4.959412826853211,12,1
23,7,3,2,0,0,-12.728863125193783,-9.456899187965652,-1.8047738786858891,3.5096236353799273,118.5094796836789,5.308751307045851,6.798327199486373,4.868798766798397,4.458199536474292,558.9366912097988,98.0808566075914,9.728169193316619,8,0
14,1,10,2,1,0,-11.274748146415291,-7.310348886078507,-2.00241356851703,2.0894278787454184,142.63420115378733,4.445088807890418,5.823927214056246,3.8226753513442784,3.5838159156015035,473.497055345973,229.69614510490013,8.801361108436412,13,1
7,7,4,2,0,0,-7.688554925512896,-4.476030944315047,-1.5176641853574053,2.9212785858879164,82.6931602402056,3.1339527982992825,4.213983956708586,3.4657426330267853,1.8925158282862833,357.597116610276,101.89148865859319,3.544413011824586,9,1
9,6,3,2,1,1,-14.968899673661644,-9.527316251692376,-2.7124494958825722,0.506135695889121,76.07355309081984,2.906801587728158,3.5372872731833005,2.2489079371249217,2.6191551065775065,396.6896686031733,147.18343483011387,4.404921028130636,9,1
15,5,4,0,3,1,-5.018657788033717,-1.9089811100098286,-0.852658116119457,0.979211146308406,101.70945321147022,4.327328264858033,5.579905265523997,4.10036019526492,3.534674026582163,476.7480067631496,140.28901818415684,7.228371283581027,9,1
15,6,6,2,3,1,-5.758877384809824,0.10385454539459538,-1.0144912525891852,2.8414794198168396,112.03940555721391,4.694371564576641,5.915229636266356,4.2997181375893225,4.0382423450569265,597.2547723711342,207.57044624940207,7.877241997859531,14,1
10,1,8,2,2,0,-9.003746616214094,-5.048070834699802,-1.1926988700611942,0.3059354458272595,123.26175678447237,3.35642676661356,4.081399188544284,2.2694469693406076,2.721520409664029,416.1311441029204,245.81698968121492,6.455160552923596,12,1
13,6,6,2,3,1,-5.931031908913848,-0.46917338684717613,-1.0193873037468513,1.9977308827506373,110.07740893891516,4.1294173089358726,5.308615279911479,3.6083767708641594,3.5077980226645273,568.01208229336,224.16436527684073,7.4009154912724595,14,1
19,2,4,2,1,1,-15.498780521933387,-10.798103658212579,-2.2701418087011547,2.437538966085442,127.80342222935269,4.595183925453228,5.620658896007436,3.9514497627488563,3.4237120610047325,480.4236307108747,137.03226739034304,8.501505804512115,8,1
7,1,9,1,3,1,-13.676877204648909,-8.603151159318774,-1.8888722653807208,2.4483680118046762,120.79655048846722,3.0089650175091713,3.6859709513301264,2.620125029358374,2.1460085677506178,395.40222136955794,246.42093935370966,5.590837136451736,13,1
17,1,9,0,2,0,-7.478300493420857,-2.2912668851871256,-1.2590088891429516,0.18943796394536394,147.45929072796366,4.87695066093513,5.820842385668186,4.16501582462276,3.5858757283339515,463.30491564989427,189.30348565841675,9.1205475802398,11,1
20,1,6,2,0,0,-11.268373633192322,-7.00141654656676,-1.630645602957413,1.3562212164938234,134.42264151434264,5.065769500326492,6.23936765592147,4.594856221027021,3.5664243234912467,461.2580534136313,132.33807528736554,11.260376282942941,8,1
4,0,9,2,1,0,-15.796800923420939,-11.39524909164943,-2.1691346287221016,2.5823135390917007,114.60925581472166,2.986780958814691,3.784248440321281,2.646719298943663,2.3790192769178264,294.17231358120915,205.03182697503036,3.843567841118185,12,1
5,7,4,2,0,1,-14.668288248512283,-10.369302711181746,-2.447875792237956,0.6810989709820494,69.07870276582747,2.8775907212683585,3.9107753007209474,2.8439279809100464,1.6897686160948906,340.8069661537185,110.64759761704566,2.849673672827723,9,1
23,0,2,0,2,1,-11.409182134085277,-6.850977810770001,-1.7064068524638627,2.8121210284794076,113.93344385838316,6.1156219031602514,7.573828289709978,5.288193426765269,4.555030035129589,437.43282411085306,85.98012442324365,10.24132403850656,4,0
7,0,6,1,2,1,-14.89282562251561,-12.289945062367835,-2.3703307200172046,3.009108314373331,92.63860844238285,2.580525989234219,3.0180236571253873,1.807416462961339,2.1469832243007656,300.44816810903967,182.30362190333946,4.385267428249421,9,1
13,2,10,0,2,0,-15.875626462853628,-11.991323368382075,-2.616241945926672,3.9296798427399664,142.91043674973105,3.8848419949817106,5.155526287913963,3.618588833950676,3.116892917480619,441.1553532587571,214.82694051616153,8.641523063850514,13,1
15,5,10,1,0,0,-13.048557463276678,-8.426896965812578,-2.2645739675895475,0.9183837799399966,153.70524238554083,3.9246398620123846,4.804889340098637,3.588149491344967,3.314804288566929,493.830999991822,165.72487806474595,9.076511296862943,13,1
11,7,1,2,0,1,-5.247343709053281,-0.6553112306577553,-1.025231270793732,3.3180096038978495,66.12088189240869,3.345125247662525,3.8317302283499832,3.0148476745875974,2.2331017900478387,388.9117825059635,66.08521276072356,4.498405366723105,6,0
4,6,11,2,0,0,-9.118172718893106,-3.842826387773396,-1.3557201066835634,2.129156649982751,126.37753990255754,2.297844891858188,2.8989248618500922,2.1904421005583257,1.9900176453570122,409.1089025980738,210.82161675878646,4.523622325437612,16,1
13,4,8,0,0,0,-14.134995955757322,-9.342463269844941,-2.4424182844759477,1.5565041249622764,127.55712948380437,4.000317746615366,4.935442488613372,3.85511483981415,2.7416979747496817,381.17876122391044,110.08339557366334,7.205581719181564,10,1
7,1,9,0,2,0,-7.151545751757718,-1.1790791445653648,-1.1828772675813852,0.577269353568194,112.07591816655176,3.11789028044656,4.357441979095234,3.1758688095893577,2.8549543423459847,318.152707023417,201.8943157051513,5.303839498743629,11,1
19,6,9,1,2,0,-14.052388954132184,-10.558898104001926,-1.945219461749248,2.968471865301397,156.75507651688207,4.978236777498535,6.317869178742611,4.681672371620478,3.8488702343025207,617.8768167866294,218.78674720691635,10.212801840827602,15,1
22,1,11,1,1,1,-5.883895763402453,-2.1268671595706428,-0.7927821718265807,1.0198446366603797,183.22458050887977,4.963081831956634,6.174583819214826,4.603426018234313,3.6498126675682134,578.017389402863,215.92449979829522,11.684059378288064,13,1
2,2,0,0,1,0,-5.039871607199849,-1.1964065756625626,-0.8620822656676088,1.5485458073048786,26.612330924030033,2.2027325543005127,2.56851625102452,1.7309562134520433,0.897639221848607,104.74586853213836,21.44432763576721,0.7453837849067276,2,0
10,1,5,1,0,0,-8.91704203214937,-4.7866972075785,-0.9996182221506607,0.34391468489973687,98.17270144028612,3.2107116080730895,4.0794228783299555,3.0733970446012693,2.3840595330465857,276.26172583230885,89.72063238926661,4.952942353665996,6,1
13,0,6,0,3,0,-4.922417280406057,0.5035759428281761,-0.3597553092785763,3.225330971696124,116.3995448373596,4.2307644668815145,5.579797573614252,3.623664832237702,3.401241798988504,375.9682678946358,199.88768023914545,7.377950608298176,9,1
21,7,7,1,3,0,-15.508608024308245,-12.18333569545101,-2.3210667173382915,3.089695243489409,155.49829337929285,4.888919734945708,6.1735125053775874,4.426402456528971,3.9112848620315317,665.7291570692021,223.34118649629997,10.973681199729983,14,1
6,4,9,0,2,1,-14.001365501630607,-8.785364777006604,-2.593913408421453,2.9611017371650186,108.94255161133238,2.8358863544012354,3.3753720045779554,2.5358681512051047,2.41546065252154,382.69800926710843,184.08870962797184,4.747837404895734,13,1
12,3,8,0,2,1,-13.708851401993563,-9.79026576119346,-1.8790380708957823,1.267829690918358,127.94360061525555,3.9680919323969315,5.0678761578465545,3.862841846702387,3.5494838700494102,421.25626961931806,182.87865898322812,6.819913472442391,11,1
12,1,1,0,2,0,-11.74244611445576,-7.13595227163873,-2.220162185175081,0.7765722896372332,73.63659923510357,3.6153113976507303,4.50941786808885,3.4028202988565868,3.0172175566340558,278.9054044696461,85.62016176795538,5.1889584035049365,3,0
20,6,10,1,1,0,-6.987726264920365,-2.273834398628294,-0.7529297175940414,2.586457731433896,166.62889796844067,5.208163533494196,6.599927037531378,4.939183181272378,3.819433641192778,622.2705279792831,206.67517612530042,11.632683046515783,15,1
11,0,9,1,1,0,-10.45999421677851,-6.655023986617239,-1.3522821523683166,2.035048898041556,129.4618447350881,4.128823920659944,5.090068430788087,3.5332338025137338,2.9778400360934167,367.33495109864134,203.74021342133125,7.843331832126586,11,1
23,3,1,1,2,0,-11.368651832948922,-7.074498614728604,-1.3504552741147342,0.7951846209281022,99.75011062890601,5.506913518617657,6.807982843419829,4.6619700439928655,4.269518573812818,486.62923309061694,84.57186857930033,8.798628638381867,5,0
7,4,4,0,2,0,-10.537862259893084,-6.592253148626144,-1.528626227310417,2.7750539570944683,81.03428847562867,3.320483274370522,4.067048133476797,2.764464066068073,2.570132495048029,310.413243206483,100.08677952619789,4.503152414825762,8,0
1,3,4,1,2,0,-7.492683731442564,-4.750718979789395,-1.196179713152752,3.965393084103084,54.42250898840065,1.5279737333190853,2.0984147969483287,1.548775476998419,1.6661353680168376,229.6999141948685,147.60517421853754,1.5692233310324029,8,0
1,0,5,1,3,1,-10.425351129619347,-6.395272268760454,-1.653822896180947,3.014156392193947,67.532820883405,2.0212844219456447,2.4529604723838374,1.1744482259760105,2.09162363810778,229.2372093859072,192.76496143373882,1.8789051497697324,9,1
20,7,2,0,1,0,-10.148642919989205,-7.307766046051773,-1.6315484722045601,2.985946908073886,107.03024758939756,5.055470245078693,6.227391660073521,4.75870125316983,4.303230044818668,478.8041381469689,26.604998217457577,8.85235618282528,6,0
13,7,7,2,3,1,-15.957861421777329,-12.040288624996204,-2.1974654825316584,3.8062197364293078,120.57417385512564,3.634110476479908,4.354224915287412,3.061119448649881,2.9860194991220337,597.6872245700581,238.76423908797986,7.059521264791943,15,1
9,5,0,0,3,1,-14.820515702531344,-10.245301303120108,-2.080623057478526,0.8914518335421185,43.53598600323757,3.4122948006212273,4.356171261119887,2.924819408083385,2.7456784189076564,324.60731463744,79.91337685616544,4.148350316054152,5,0
3,7,5,1,2,0,-9.82887860447963,-5.300926456777377,-1.4502866639851018,2.3056448631936175,63.4252369464178,2.7679821668177453,3.5223180689484255,1.7067077850822598,2.4507221071055163,347.5253132322932,146.08053759296843,3.4119811358849037,11,1
7,5,3,0,2,1,-11.663779903753865,-6.844605427224743,-1.894003247148474,3.9206221886321453,55.53426907829129,2.4861318115969935,3.0179111195985158,2.1014937318654763,2.2261069251912082,313.13384112335973,94.88958235390189,4.4306421387676185,7,1
6,3,0,2,0,1,-13.100523447060628,-10.267108169219435,-1.4392359907990395,0.7446470327836807,38.18693258585672,2.543278140258846,3.037221933811985,2.0665123991456626,1.7855080609734362,211.1814246607159,55.9578780159936,1.4780426058673604,3,0
8,2,6,0,0,1,-4.900949342688986,-0.11851798333245345,-0.5526674786107739,2.830982641833632,107.39124351590624,3.2554439812292557,4.444539659182112,2.842063832233902,2.533558552382077,257.059510464502,79.82594978710291,4.885171365635785,7,1
9,6,8,1,3,1,-14.79159657412016,-11.199078375682594,-2.538281870072706,2.3846595692904176,109.06026305241001,3.488125918832014,3.9840687875150502,2.5869340977224313,2.1985860224911113,501.0550743191377,225.16877865418158,5.032384707596121,15,1
5,6,3,2,1,1,-14.391458388806123,-10.494797577326235,-2.2619699615083437,2.3872684595359575,48.342840582900465,2.9714241124728953,3.8129145412314633,2.661049185528475,2.0686525413775523,335.5431275129303,108.8119469114232,2.517359969028329,9,1
1,3,3,1,2,1,-9.760469124397634,-4.257517235668164,-1.277715149177904,2.820915447328293,52.31334459792766,2.1832668436663303,2.9873642642261147,1.9146840470819753,1.446919727887371,232.22567274192136,142.68909642515825,0.10125056443517089,7,1
19,1,5,2,2,0,-8.998452309924367,-6.466845895470941,-1.509675630735192,3.7255059992151685,138.31858934648352,4.988453721504742,5.558204399583267,4.062306499561793,3.3973980670293917,497.1165472605209,189.34632365470634,9.325133317319745,9,1
10,1,11,2,3,1,-7.639032810847622,-3.079588594155503,-1.0755453298619655,3.152069565420218,144.489605326299,3.771044212562204,4.87263327771799,3.1862082178093885,2.6736417663587613,500.7506037955362,280.07643797097097,7.409654817790087,16,1
12,7,2,0,0,1,-9.981783525799237,-5.386284595448861,-1.307108268802656,0.318930803323219,79.4436619735998,3.675662569468902,4.55052729153691,3.2317516329320704,2.5344358288883004,350.79102458647117,20.177599207768136,5.183699446721618,5,0
24,6,11,0,1,1,-5.010331630632223,-1.1220224134297556,-1.429235361126112,3.4256392775152738,190.45058963178124,5.417424174198073,6.8229911906042435,5.130107444066321,4.269108604156727,661.1678036543198,200.28517884394927,12.50442594472485,15,1
15,6,5,1,0,0,-14.300225633490589,-10.970628133611413,-2.166641384981438,0.9796111867103572,103.5287138474497,4.199448010719539,5.184662420495006,3.618284935577739,3.156199718860381,449.1457216100608,112.81392548982836,7.6570158121768355,9,1
22,5,6,0,0,1,-4.907357236813269,-1.58599810289784,-0.7498617548089659,1.5699652424718507,137.7464404112826,5.359846382683224,6.914886667483245,4.947213804426195,4.256338235648366,518.5015659606779,98.40838759366656,10.094288964314453,8,1
24,2,10,0,0,0,-8.284090701753517,-2.6911068579408823,-1.3250280963997854,1.9007579730882904,182.4162333530074,5.402517967039604,6.8257713271337765,4.8658353452138225,4.436749986753286,533.2013404392994,146.44317089742114,12.060268942616338,11,1
9,0,9,2,0,1,-15.213279115668383,-11.166193807428382,-2.2216528403610494,1.9755334029369718,120.95772329985128,3.231872805058036,4.066184984229408,2.848728558845765,2.6558434676728435,346.91213280867555,165.6862313920696,5.698791899032646,11,1
20,1,9,0,2,0,-12.954945527019706,-9.296832756557604,-1.811737907553781,1.7972035570958915,161.4241353611503,5.1193105311521885,6.219366042548517,4.3334540872009075,4.111341270892275,501.9954033594544,203.7024899391131,10.598079534630674,11,1
17,6,2,2,2,0,-7.735996046641558,-3.665274538231648,-1.131989218131312,3.7556778474418713,99.64662411964079,4.597325234308914,6.123114989652981,4.114768226322113,3.6938631174863064,512.302213949629,137.03103148679494,7.108846215233619,9,1
17,5,6,2,0,1,-7.405464580550179,-2.562598175442414,-1.1855851658924133,2.8534741298896957,124.59081084041489,4.494398863155272,5.619984782890744,3.9792930351908664,3.774938517562545,503.08168483748767,140.6886201461507,8.407880990768167,10,1
20,4,2,2,1,1,-4.558444607907298,-1.5482966190506673,-0.5572424312292409,2.561565519231155,110.24858378202306,4.477679206981206,6.055060168218599,4.153561865101179,3.7229702920205243,490.826183053038,108.22579561791503,8.860904370009365,7,1
12,5,1,1,3,0,-12.500714367772128,-8.427695944524046,-1.8652964733109478,0.29438390835347206,67.12355145048615,3.798947602397438,5.134198380032436,4.057765916493118,3.1226955932932623,405.6572125683707,116.44470500423732,5.58164830242975,7,0
7,1,11,1,1,1,-5.061011189241491,-0.5034158903551358,-0.8052917610253192,3.625261988015461,137.69119796432878,2.758998809747287,3.0930783187310325,2.408497800844696,2.221228542807745,366.1650626209529,223.6425021222299,6.825240392447943,13,1
2,1,9,1,1,0,-10.624928973108764,-4.804887231128745,-1.8561952230340983,3.6466217488327453,99.43183783536712,2.59492481156177,3.1126668222916742,1.743028006837668,1.6495616735766807,250.34131640341184,192.26459031113447,3.530068488984146,11,1
3,5,3,2,1,0,-15.564402684808572,-12.180555447544604,-2.647191359774501,3.142830947377399,52.32084829539244,2.3573836540164477,2.7393393663255714,1.4983901569624765,2.1495037616809616,276.70926377051666,120.74211157085202,2.273794551281385,8,1
17,0,11,1,0,0,-5.75889189062622,-2.0015142729193607,-1.130079742136747,0.12741389487311472,167.84647030274445,4.251130383133244,5.304271762619143,3.6738522731215904,3.1120380525621645,439.7907778700014,194.71105799862488,10.194423178565458,12,1
5,3,7,1,2,0,-14.786519206132775,-10.958764141404291,-2.162312068675873,0.3233929792027311,92.03230578921216,2.7315370178359855,3.4518540763922143,2.297706210242626,1.766585452947998,340.2866538278031,176.26000452576693,3.262907150593048,11,1
17,1,8,0,1,0,-15.901966354168053,-11.282582802410964,-2.401110702646478,0.97837243884711,144.06567118839985,4.931209875527657,6.209997637988257,4.292040171125202,3.8893740708069195,414.33943626771867,147.3099722411689,9.015151472014457,9,1
24,5,6,1,0,1,-5.207445801751203,-1.4588836161111973,-1.077173689904173,0.612262691765136,155.79053099258735,5.789244754743385,7.447381678633027,5.408515613238813,4.374098629650251,564.8898956421492,115.2612747293579,11.21745088862967,9,1
17,6,0,1,1,0,-14.653422095080805,-10.28613035653187,-2.0688297491033585,1.6554605158445448,79.06392200792175,4.61597514518178,6.068685485338999,4.342800609400506,4.147663064181211,421.20752339908,37.65072367864938,6.544593587115195,5,0
17,5,2,2,1,0,-10.43490873510159,-5.1986425806439875,-1.2903744076294195,3.6982299265423797,93.6521557357311,4.152171482285943,5.383711902705157,3.8602871010310555,3.1220019369268073,462.84810177169663,109.42903389163946,7.379530335690581,7,0
2,2,11,2,0,1,-14.92490777361267,-9.956058194219958,-2.3584348893851677,1.9410356933682933,109.38241897544586,2.7864800299298964,3.370912994567621,2.7934974958459526,2.101160026078563,321.0225052797448,222.33645146681295,3.9902597233928354,14,1
2,3,8,2,2,0,-11.070167832075102,-7.007877569281052,-2.00872154628494,0.15227024308544587,93.89589009645857,2.113511847789229,2.4854850367150485,1.32317205944861,1.1348926931595031,345.5804161209833,226.96769075957133,2.7068366180374714,13,1
22,4,11,2,2,1,-12.114288116225493,-6.589531494365902,-1.9589684944142065,1.2027081893571718,186.74136113201362,5.580135173861703,6.975721334503916,4.91418658439741,4.388661361926717,708.6872744846921,274.65885097485653,12.024487023076475,17,1
23,0,0,2,3,1,-10.753457441970092,-6.2999665683915715,-1.442126490936575,0.27392014265455,94.5902857453624,5.352391136494575,6.77571282589915,4.569283213745229,3.8710801765747633,492.21980116653407,145.62344039234168,8.880474801457485,5,1
5,7,8,2,0,1,-14.441668123534507,-10.051997685276763,-2.056544246823221,0.2415217281926584,105.67747138960381,3.001252361744972,3.71492718303779,3.0310797638782585,2.402287482405824,398.71196160502245,166.12199891133727,3.090378636541554,13,1
1,4,7,1,3,0,-12.93996406796757,-10.320306887180516,-2.125481147397431,1.1753074270726538,73.50907983698832,2.542062228762582,2.908480818702783,1.3731310913449448,1.6380021812952044,332.3551890038106,217.02202600455712,1.8014655398447683,13,1
1,3,0,2,3,0,-10.494493590074772,-4.5410681588247055,-1.2699396109582675,1.1748881208478872,28.646108956169467,2.34444118097226,3.0669633779306853,1.4972298888375792,1.3284443550777112,227.65497688560092,128.23296485467532,0.44445716290653936,6,0
19,3,5,2,3,0,-14.48384924659279,-11.553451416739097,-1.9029213738036383,3.1697937501462556,129.93931663593509,5.076756487927981,6.267482656163196,4.478628748218652,3.793287116283888,558.2124735834223,214.85063222679236,9.645945657077057,11,1
2,3,4,0,2,1,-7.320783620936347,-4.011825427439584,-1.2447187557957802,3.9018551458463366,61.098327612990346,2.2704683041533102,2.753582833307229,2.2653969511123044,1.6737568292539462,226.4996258610862,116.6515151639522,0.7863983711608675,7,1
21,4,5,1,0,0,-6.309417586579048,-3.628478656233704,-1.0950706385798505,1.5477076661709934,131.61502420416483,5.019810157378157,6.2638401619110775,4.616664409732869,3.9785719905522994,487.328763665048,104.99089795053322,9.46480418312317,8,1
12,6,9,1,3,1,-6.34460121129583,-1.604590827366632,-1.0702557691702723,1.7726588275580506,136.87889891333225,3.8414896069357427,4.753882225253646,3.0874233196822396,3.2413294781119886,561.8200257920186,255.6345995418324,7.7157269169973794,16,1
6,3,11,1,0,0,-8.341102105570236,-5.054647986165857,-1.3526318709132445,3.3946788015154836,134.3818599762059,2.7980256482692347,3.4242318492341233,2.8488888110643598,2.532641462019673,356.3719404366586,197.9120903901288,6.139097731876584,13,1
23,5,4,2,0,1,-7.244935359961701,-4.114898828807169,-0.8966327024085664,1.1457421783725021,135.46175960554086,6.190161113243747,7.481676330168045,4.867732806539369,4.7050443514685485,551.0519302049859,104.91739649104869,10.189943219211992,8,1
4,4,5,2,2,0,-15.196039030861995,-12.38609448608065,-2.1943400425339803,0.709889037173447,70.64874989136881,2.302292514052846,2.855416149175726,2.3910365612860116,1.782904487521915,338.78048389337266,163.23418914375884,2.7586088207894655,11,1
23,7,4,2,3,0,-5.717092079028716,-2.8555107290946613,-0.6821480579841899,3.427049531274237,133.83703491177732,5.750625564977122,7.328872714602776,4.8004424251144995,4.040490231382798,680.9315394089043,207.41639746464776,11.009855374945097,12,1
11,3,10,0,3,0,-12.538393487455258,-7.992046035906197,-1.7460459944809485,0.28135228711625543,144.16017493147518,3.805159050361704,4.8093776139763875,3.2610170780823045,2.936131802633334,467.06050395657974,244.31120964097408,7.798046352999284,14,1
24,5,11,2,0,1,-6.676047707527568,-1.7673201769944837,-0.6585017424903887,2.516827816777721,202.9954909027835,5.668961662437181,7.275826365866605,5.284859317463698,4.419230862004697,673.1199883053073,208.6470839531391,13.32930919903801,15,1
17,6,4,0,1,1,-14.638827026859026,-10.748000567233623,-2.4077011627906817,2.2917721051205464,110.47393512750402,4.993965829974152,6.096748283003688,3.827861448833732,3.608388904888206,465.637037458944,95.54940199567338,7.765967998754627,8,0
6,2,3,1,2,0,-15.555125814126436,-11.37548602855418,-2.2571971660421823,1.4490897452566076,69.28941553065715,2.9895132357803536,3.481279848901882,2.8776029134935475,2.2470098219913313,263.88267829821984,115.51410197483759,3.8568471188418396,7,0
24,6,2,2,2,0,-9.852905100854812,-4.952018024914368,-1.9127000163751615,1.3292391322797001,125.67240260042159,5.409527924077275,6.7127399093009945,4.591534787090301,4.30812037332613,613.7244922469685,150.30240212870274,9.227465633568146,9,1
5,7,2,0,2,1,-14.609322022623514,-12.048492756974335,-2.454789418212899,3.110245132108323,49.43797500505118,2.8375191131760222,3.424051567760288,2.4380189381356883,1.849829958024002,305.6792793248617,86.6637544820595,3.1656150458295067,7,0
20,3,3,0,2,1,-4.55916946367922,-0.928212163933245,-0.6988460967388525,0.43705598197393125,122.9103915903074,4.945046519328431,6.07924115251899,4.604129043475519,3.439048602961527,456.53281708951795,96.71072386995104,8.866733923279055,6,0
2,7,8,2,3,1,-13.929389550193152,-8.02354743194694,-2.0057671099780654,1.023458806314403,85.67407657958277,2.4509854006449943,3.106081694422468,1.9363195825455826,1.8288260137093235,464.31216704777677,253.78298443761113,3.2644670956239077,16,1
6,4,1,1,3,0,-7.129189357536621,-2.598796553602483,-1.089741552036407,2.95655005416855,53.04492757516488,3.1439220894888495,3.829286504040131,2.9987446587047084,2.1437646047470977,306.70254046371014,127.68515013999787,2.2273736709612617,7,0
22,1,8,1,1,1,-14.950065056597731,-11.560279026956504,-2.3559482422521953,2.2384502765330545,162.52659889773534,5.042273617290779,6.052828323772195,4.729139897908247,3.221383693673351,528.8070714465766,174.87987926700538,10.292986825945926,10,1
11,3,0,1,2,0,-4.512881282021259,-0.18682611879451283,-0.7548157678017964,0.5991540132809869,58.7778777999908,4.008600835400845,4.898952098674656,3.232592769873386,2.690223075124056,309.7751579908542,85.48280280399406,4.453852073895866,4,0
16,1,0,0,2,1,-10.896089952957205,-7.196802744534001,-1.3605252976587598,3.5403288957000343,88.73416640724322,4.323530046539463,5.472424431546489,4.241513403861431,2.9753743721685333,315.2298043222782,55.70392556041876,6.675697274795699,2,0
16,5,4,0,0,0,-13.201311743526748,-8.8384542826347,-2.05700319710504,1.634446601598007,106.493723823366,4.533084176804654,5.800651341207201,3.53228236057256,3.782503431728859,385.55129558744454,62.002395734614794,7.951346192409383,6,1
1,2,5,0,3,1,-7.474915803025942,-4.534820511702671,-0.7713890460451855,3.328686663756474,61.91327203635696,2.3351090510962087,3.0511708706869305,2.2526997279192216,2.256409273914478,241.64276961695032,165.08279274333435,2.1973892979122933,9,1
9,0,5,0,2,1,-6.721027942753871,-3.7565266543864,-0.8493507767048538,3.172080760558064,98.15739403698898,3.4602166071891887,4.410165377836067,2.718536209774104,2.372240862377994,281.13109197404486,128.524270044256,5.284080847526728,7,1
6,7,2,1,1,1,-5.4671295813818235,-2.4647313142439486,-0.7285619679776275,2.5352592412397392,60.80901889043392,2.867267444704229,3.5504656126872374,2.7680964934419228,2.26679774589662,320.8235714720462,77.01809375578736,2.5381067819035206,7,0
16,6,6,2,1,1,-8.253986129787869,-2.4646168580439225,-1.4768173015323793,2.0284764120508627,130.41049460479277,4.253420725402201,5.397758726544577,4.036567923107865,3.457034342044184,541.351242891074,176.08365542894836,8.583738036260016,12,1
3,2,8,0,3,1,-10.938209591551539,-5.873063377356843,-1.4536838064528053,3.920248277488852,95.08434691170557,2.3693016478089977,2.9531599281215994,2.6904259483624924,1.3988287602079936,316.72509428349554,215.24326035997905,3.082188826262336,12,1
20,3,10,0,1,0,-5.832204352972963,-2.7638677216548397,-0.9735847684956442,0.6653637822812865,171.58471308506083,5.469551579758663,6.859558702262377,5.228075986469413,4.155979958152176,528.670889605402,180.57136355161262,11.553532118032567,12,1
4,1,11,1,1,1,-8.831996662848185,-5.67277486966858,-1.5636874510283678,2.928107337449348,131.50467806497286,2.3402400688612826,2.7374347385034152,1.866472957671954,2.2758398844386805,321.8309276490962,229.241954659902,4.858009065596914,13,1
19,6,9,2,3,1,-4.604332653506337,0.45357050854172964,-0.5880811754100751,0.845643735712677,154.32022960209653,4.63422699861111,5.801558741016032,3.7365668725215695,3.6502219611990268,695.0623852466773,255.38672343832366,10.274645390067258,17,1
3,1,7,2,2,1,-13.91481333574818,-10.868239878975572,-2.364811212475535,1.4192261107961588,85.98561477954169,2.2210553530568857,2.85205243817139,2.1661428306207897,1.6499063275697012,309.68338817581696,209.35605358493297,3.7329633091525514,11,1
19,4,5,1,2,0,-5.9771602580717005,-2.6561957313998,-1.0490223311366715,1.3039250991554616,130.49127035712723,4.890726163975299,6.181633167657066,4.308923794244298,3.5689332692896873,513.8267118978154,148.43682887665355,9.60073431276707,10,1
20,1,11,1,1,1,-7.758443905054188,-1.8867299901827916,-1.1657897680519103,3.79344035218102,177.02069589956082,4.542588365003658,5.420731651042713,4.25985866910861,2.746823594445404,551.2176490537905,242.56272265137852,11.68531933947507,13,1
7,4,7,2,1,0,-4.711918765489501,-1.3183459289399897,-0.2631035300004796,3.8726890933742735,97.64927060358482,2.643932043159682,3.324167209230279,1.6770027934364617,2.11211873956735,390.0415273602769,192.13219820395986,4.489771075222166,12,1
20,5,11,0,2,1,-9.470769014763892,-4.655055788464878,-1.5579985033730812,0.8137602325154358,181.09242256393262,4.921713550112223,5.863364022147496,4.760771843289835,4.004972610102077,626.1658616704647,224.20938016341725,11.681334775219277,15,1
9,6,4,2,3,1,-14.161397281524016,-8.23618777562216,-2.2158528960887174,0.18593712516026634,90.17902833245748,2.963667366410528,3.739319537240865,2.7771208583521463,2.040205783745039,482.4888827062101,207.84990578846157,4.3926051950147755,12,1
1,6,7,1,1,0,-9.009738931619761,-5.199700246630487,-1.2049918288586352,2.908031354686141,78.79582818597072,1.7881186072151594,2.0948808206984064,1.2225129379727726,0.7730323225397785,315.5716585736505,171.16275663755115,2.8939507008638294,12,1
8,0,9,0,0,1,-6.564219219374085,-4.002913251356867,-1.232292020581322,1.730160742094889,119.15705189594625,2.8159194771911182,3.8610279349939867,2.9229163227213606,2.1505607156580857,264.2329054881116,146.0563169152407,5.187418401968868,9,1
7,3,11,0,3,0,-13.167536591580971,-9.813021075102661,-1.8865692125329623,0.44647695584150104,129.26155987158285,2.796016487260001,3.5188692749341794,2.8524349188408364,2.3317215014550596,429.0452210409948,264.2170348510035,6.053159969030817,15,1
18,4,3,1,1,0,-13.57128029151356,-8.16321012181759,-1.7945066822037163,2.766641011750466,105.52011578297133,4.919373952001121,6.309450243966185,4.450919238167436,3.6785451451741893,451.51865958908155,97.37459676717938,7.689554430247164,7,1
8,0,9,1,1,1,-6.498164966037018,-0.9720340401943899,-1.036143721847773,2.225911560216729,125.41803039915092,3.486712386836325,4.780565010950262,2.8169193924217306,2.663221983341885,331.3946001929548,184.98634580516048,6.334967826224013,11,1
1,1,7,1,0,0,-13.364822248221383,-8.175004472388114,-1.7994924809538342,3.9240156058043136,79.90531435346828,2.7257002679655815,3.243644972739233,2.182397370013331,1.9509757124080045,178.184060728827,120.37810820019315,3.057583387044507,8,1
11,1,9,2,0,1,-15.393925714947887,-12.498041348179882,-2.250798872599822,0.9868970338593778,126.47504669534855,4.214708557554044,5.355520679123737,4.060682991299257,3.270737594266206,383.64997262812557,190.02447266729007,7.199498256895966,11,1
18,0,11,2,2,1,-6.413342249721132,-1.129055948783721,-1.108137730218926,1.6755137176735382,172.3118119016183,4.935893812964133,5.932685064358597,4.301878965319229,3.2125135034222345,564.3416904984017,273.4106426467122,10.583054571968942,15,1
23,6,1,0,3,0,-13.366319364119558,-7.650947074642294,-2.0445088417972346,2.2159286332421493,113.7559700549302,5.758303302440309,7.266858529700371,5.039848861539647,4.305794193586016,552.7779434233447,100.81528969482804,9.852088561240569,7,0
10,1,11,1,3,0,-12.648578052930239,-8.046444654018412,-1.9732381759355841,3.1876299549680716,140.19057168226286,3.5393306272057754,4.7773051372973,3.73660834537554,2.7420661788977956,476.14641321475625,275.29338638272196,7.860557439974559,15,1
3,7,11,0,2,0,-9.946099717003518,-4.153035969820291,-1.5094426091138233,2.240470761208229,111.85697390202219,2.605959455603681,3.1318726766162435,2.414102625881059,1.7188975186577253,416.01996583264156,239.5019263063469,4.5186555873310805,16,1
7,5,4,0,3,0,-5.16608529642618,0.22785079656539065,-0.7443692146199613,2.490310627361602,87.45412579936377,3.633080914454951,4.36416028040977,3.2998139430683424,2.364237000898,346.6868683887432,159.5268041284167,3.75016233752601,9,1
16,5,8,0,3,1,-5.358985804215321,-0.5245854947471447,-0.6862078836379267,0.9819735012007689,133.10735324978376,4.51136386041705,5.620969978817599,3.811488577578079,3.6078964509892586,548.9737540461334,228.30393856128165,9.123633743220244,13,1
16,7,3,0,3,1,-14.302768580784448,-9.78262025229333,-2.04368163720024,3.4029830395453833,98.20488718072107,4.745971573563573,6.341627924572123,4.286924442676656,3.6438800225437666,513.8210515703086,140.2901629989211,6.370636314453165,9,0
20,0,10,1,3,0,-15.88670628663244,-12.166698451285544,-2.8693486572472957,1.7716591331848555,171.16064255929334,4.719694517426447,6.0538259307737095,3.7276902353366896,3.133559237010904,574.8860339902612,265.56954440254896,11.454825769779413,14,1
17,7,5,0,3,1,-12.274600957647676,-9.217094899297859,-1.8606517814015566,0.6497425473349001,118.13786149377854,4.350128382722532,5.256677547991962,3.6018567568131963,3.220080984289035,563.186768414377,164.74597549255074,7.944906525279145,11,1
2,4,0,1,0,1,-9.628520530618697,-5.011181801201804,-1.7461624622741572,2.690332866571128,26.625445776724906,2.39362087933849,3.283038215669466,2.5787443671080648,2.151122797569976,150.30127931755064,14.79698452738527,0.6798860668637755,3,0
1,4,8,1,3,1,-11.947096899121938,-8.333706461458519,-1.8472099853617558,0.9427527674226992,90.38419083937296,2.1949795010190174,2.412711777807134,1.6276702553603177,1.2486230503803109,364.54572193458796,222.385810082486,3.2580256615591554,14,1
16,0,0,2,0,1,-11.33555238112827,-5.803017044781511,-1.7250907747314244,0.48049378993326897,64.04139171143603,4.214019743778532,5.69483650548371,4.120047207797298,3.276986230844234,295.39885456240523,55.07341021892874,6.192245241805155,2,0
